Brand,Model,IsOnSale
Opel,Corsa,True
Brand,Model,IsOnSale
Opel,Corsa,True
Brand,Model,IsOnSale
Opel,Corsa,True
Brand,Model,IsOnSale
Opel,Corsa,True
Brand,Model,IsOnSale
Opel,Corsa,True
Brand,Model,IsOnSale
Opel,Corsa,True
Brand,Model,IsOnSale
Opel,Corsa,True
Brand,Model,IsOnSale
Opel,Corsa,True
Brand,Model,IsOnSale
Opel,Corsa,True
Brand,Model,IsOnSale
Opel,Corsa,True
Brand,Model,IsOnSale
Opel,Corsa,True
Brand,Model,IsOnSale
Opel,Corsa,True
Brand,Model,IsOnSale
Opel,Corsa,True
Brand,Model,IsOnSale
Opel,Corsa,True
Brand,Model,IsOnSale
Opel,Corsa,True
Brand,Model,IsOnSale
Opel,Corsa,True
Brand,Model,IsOnSale
Opel,Corsa,True
Brand,Model,IsOnSale
Opel,Corsa,True
Brand,Model,IsOnSale
Opel,Corsa,True
Brand,Model,IsOnSale
Opel,Corsa,True
Brand,Model,IsOnSale
Opel,Corsa,True
Brand,Model,IsOnSale
Opel,Corsa,True
Brand,Model,IsOnSale
Opel,Corsa,True
Brand,Model,IsOnSale
Opel,Corsa,True
Brand,Model,IsOnSale
Opel,Corsa,True
Brand,Model,IsOnSale
Opel,Corsa,True
Brand,Model,IsOnSale
Opel,Corsa,True
Brand,Model,IsOnSale
Opel,Corsa,True
Brand,Model,IsOnSale
Opel,Corsa,True
Brand,Model,IsOnSale
Opel,Corsa,True
Brand,Model,IsOnSale
Opel,Corsa,True
Brand,Model,IsOnSale
Opel,Corsa,True
Brand,Model,IsOnSale
Opel,Corsa,True
Brand,Model,IsOnSale
Opel,Corsa,True
Brand,Model,IsOnSale
Opel,Corsa,True
Brand,Model,IsOnSale
Opel,Corsa,True
Brand,Model,IsOnSale
Opel,Corsa,True
Brand,Model,IsOnSale
Opel,Corsa,True
Brand,Model,IsOnSale
Opel,Corsa,True
Brand,Model,IsOnSale
Opel,Corsa,True
Brand,Model,IsOnSale
Opel,Corsa,True
